variant,openai,cohere
baseline_fp16,0.99985,0.99821
baseline_fp32,1.0,1.0
int8_fp16,0.96668,0.33752
int8_fp32,0.96668,0.33741
int8_pca4_fp16,0.83898,0.75962
int8_pca4_fp32,0.83915,0.75964
pca4_fp16,0.84273,0.76693
pca4_fp32,0.84277,0.7669
